66.249.66.128	03/Jun/2018:08:33:45	/done/69e8c9ee-6dc2-48a1-8f29-1471970232c7
66.249.66.159	03/Jun/2018:08:33:53	/static/css/demo.css
66.249.66.130	03/Jun/2018:08:46:05	/static/css/owl.carousel.css
66.249.66.3	03/Jun/2018:09:35:40	/robots.txt
66.249.66.7	03/Jun/2018:09:35:40	/
66.249.66.3	03/Jun/2018:09:35:48	/static/css/bootstrap.min.css
66.249.66.214	03/Jun/2018:10:56:12	/robots.txt
66.249.66.210	03/Jun/2018:10:56:12	/static/css/slick.css
66.249.66.212	03/Jun/2018:10:56:13	/static/css/magnific-popup.css
66.249.66.212	03/Jun/2018:10:56:13	/static/js/jquery-2.2.4.min.js
66.249.66.212	03/Jun/2018:10:56:14	/static/css/style.css
66.249.66.214	03/Jun/2018:10:56:14	/static/css/bootstrap.css
66.249.66.212	03/Jun/2018:10:56:15	/static/css/particles.css
66.249.66.210	03/Jun/2018:10:56:15	/static/css/fontawesome-all.min.css
66.249.66.15	03/Jun/2018:11:12:10	/robots.txt
66.249.66.19	03/Jun/2018:11:12:10	/
66.249.66.17	03/Jun/2018:11:12:14	/static/css/sticky-footer.css
66.249.66.17	03/Jun/2018:11:26:56	/
66.249.66.131	03/Jun/2018:11:47:07	/robots.txt
66.249.66.133	03/Jun/2018:11:47:07	/
66.249.66.131	03/Jun/2018:11:47:18	/static/css/sticky-footer.css
66.249.66.133	03/Jun/2018:11:47:19	/static/css/bootstrap.min.css
66.249.66.78	03/Jun/2018:12:43:22	/robots.txt
66.249.66.78	03/Jun/2018:12:43:22	/
66.249.66.133	03/Jun/2018:12:53:30	/robots.txt
66.249.66.212	03/Jun/2018:12:53:30	/robots.txt
66.249.66.131	03/Jun/2018:12:53:30	/
66.249.66.212	03/Jun/2018:12:53:56	/static/js/owl-carousel.min.js
66.249.66.212	03/Jun/2018:12:53:57	/static/css/themify-icons.css
66.249.66.210	03/Jun/2018:12:53:57	/static/css/style.css
66.249.66.212	03/Jun/2018:12:53:58	/static/css/particles.css
66.249.66.212	03/Jun/2018:12:53:58	/static/css/fontawesome-all.min.css
66.249.66.210	03/Jun/2018:12:53:58	/static/css/slick.css
66.249.66.210	03/Jun/2018:12:53:59	/static/css/bootstrap.css
66.249.66.212	03/Jun/2018:12:54:00	/static/css/bootstrap.css
66.249.66.212	03/Jun/2018:12:54:00	/static/css/owl.carousel.min.css
66.249.66.212	03/Jun/2018:12:54:00	/static/css/magnific-popup.css
66.249.66.78	03/Jun/2018:15:45:28	/
66.249.66.199	03/Jun/2018:15:50:08	/robots.txt
66.249.66.203	03/Jun/2018:15:50:08	/
66.249.66.156	03/Jun/2018:16:57:35	/robots.txt
66.249.66.156	03/Jun/2018:16:57:35	/
66.249.66.154	03/Jun/2018:16:57:38	/static/css/sticky-footer.css
66.249.66.152	03/Jun/2018:16:57:39	/static/css/bootstrap.css
66.249.66.210	03/Jun/2018:17:22:26	/
66.249.66.210	03/Jun/2018:17:22:27	/static/js/particles.js
66.249.66.210	03/Jun/2018:17:22:28	/static/css/bootstrap.css
66.249.66.214	03/Jun/2018:17:22:28	/static/css/slick.css
66.249.66.130	03/Jun/2018:17:57:15	/robots.txt
66.249.66.130	03/Jun/2018:17:57:17	/static/js/jquery.countTo.js
66.249.66.147	03/Jun/2018:19:13:28	/robots.txt
66.249.66.149	03/Jun/2018:19:13:28	/
66.249.66.145	03/Jun/2018:19:13:30	/static/css/bootstrap.min.css
66.249.66.145	03/Jun/2018:19:13:30	/static/css/sticky-footer.css
66.249.66.5	03/Jun/2018:20:09:53	/
66.249.66.3	03/Jun/2018:20:09:54	/
66.249.66.3	03/Jun/2018:20:09:58	/static/css/sticky-footer.css
66.249.66.3	03/Jun/2018:20:09:58	/static/css/bootstrap.min.css
66.249.66.212	03/Jun/2018:22:00:46	/
66.249.66.214	03/Jun/2018:22:00:47	/static/js/bootstrap.min.js
66.249.66.214	03/Jun/2018:22:00:48	/static/js/owl-carousel.min.js
66.249.66.212	03/Jun/2018:22:04:48	/static/css/bootstrap.css
66.249.66.210	03/Jun/2018:22:04:49	/static/css/themify-icons.css
66.249.66.214	03/Jun/2018:22:41:12	/
66.249.66.214	03/Jun/2018:22:41:13	/static/css/magnific-popup.css
66.249.66.214	03/Jun/2018:23:52:06	/robots.txt
66.249.66.210	03/Jun/2018:23:52:06	/
66.249.66.212	03/Jun/2018:23:52:07	/static/css/particles.css
66.249.66.212	04/Jun/2018:00:32:36	/
66.249.66.210	04/Jun/2018:00:55:14	/
66.249.66.210	04/Jun/2018:01:35:42	/
66.249.66.212	04/Jun/2018:01:35:44	/static/css/particles.css
66.249.66.212	04/Jun/2018:01:35:44	/static/css/owl.carousel.min.css
66.249.66.214	04/Jun/2018:02:11:34	/
66.249.66.210	04/Jun/2018:02:11:36	/static/css/themify-icons.css
66.249.66.214	04/Jun/2018:02:47:40	/
66.249.66.212	04/Jun/2018:02:47:42	/static/js/slick.min.js
66.249.66.212	04/Jun/2018:03:58:33	/
66.249.66.210	04/Jun/2018:03:58:42	/static/css/owl.carousel.min.css
66.249.66.131	01/Jun/2018:06:28:54	/robots.txt
66.249.66.214	01/Jun/2018:06:28:54	/robots.txt
66.249.66.135	01/Jun/2018:06:28:55	/
66.249.66.210	01/Jun/2018:06:28:56	/
66.249.66.76	01/Jun/2018:09:25:36	/static/css/font-awesome.min.css
66.249.66.78	01/Jun/2018:09:43:49	/static/js/jquery.min.js
66.249.66.77	01/Jun/2018:13:02:50	/robots.txt
66.249.66.78	01/Jun/2018:13:02:50	/
66.249.66.78	01/Jun/2018:13:03:18	/static/css/font-awesome.min.css
66.249.66.76	01/Jun/2018:13:43:33	/novye-fishki-google-analytics
66.249.66.203	01/Jun/2018:15:24:06	/robots.txt
66.249.66.201	01/Jun/2018:15:24:07	/
66.249.66.201	01/Jun/2018:15:24:35	/static/css/sticky-footer.css
66.249.66.201	01/Jun/2018:15:24:36	/static/css/bootstrap.min.css
66.249.66.214	01/Jun/2018:16:04:17	/
66.249.66.210	01/Jun/2018:16:04:23	/static/js/magnific-popup.js
66.249.66.212	01/Jun/2018:16:35:16	/static/js/particles.js
66.249.66.130	01/Jun/2018:16:55:12	/robots.txt
66.249.66.128	01/Jun/2018:16:55:13	/
66.249.66.78	01/Jun/2018:18:20:09	/static/js/site.js
66.249.66.214	01/Jun/2018:18:42:26	/robots.txt
66.249.66.212	01/Jun/2018:18:42:26	/static/js/owl-carousel.min.js
66.249.66.210	01/Jun/2018:18:42:27	/static/css/themify-icons.css
66.249.66.152	01/Jun/2018:19:39:13	/robots.txt
66.249.66.154	01/Jun/2018:19:39:13	/
66.249.66.152	01/Jun/2018:19:39:21	/static/css/sticky-footer.css
66.249.66.152	01/Jun/2018:19:39:21	/static/css/bootstrap.css
66.249.66.130	01/Jun/2018:19:50:21	/static/css/owl.carousel.css
66.249.66.128	01/Jun/2018:19:50:22	/static/css/style.css
66.249.66.131	01/Jun/2018:20:29:52	/robots.txt
66.249.66.212	01/Jun/2018:20:29:53	/robots.txt
66.249.66.135	01/Jun/2018:20:29:53	/
66.249.66.145	01/Jun/2018:23:42:53	/robots.txt
66.249.66.145	01/Jun/2018:23:42:53	/
66.249.66.147	01/Jun/2018:23:43:01	/static/css/bootstrap.min.css
66.249.66.76	02/Jun/2018:00:33:24	/snizhenie-organicheskogo-trafika-kak-soobshchit-iavliaetsia-li-eto-otslezhivaniem-ili-optimizatsiei
66.249.66.7	02/Jun/2018:02:25:25	/robots.txt
66.249.66.3	02/Jun/2018:02:25:25	/
66.249.66.76	02/Jun/2018:03:21:06	/kak-diagnostirovat-trafik-trafika-seo-11-voprosov-k-nbspanswer
66.249.66.130	02/Jun/2018:05:44:23	/robots.txt
66.249.66.130	02/Jun/2018:05:44:24	/done/69e8c9ee-6dc2-48a1-8f29-1471970232c7
66.249.66.159	02/Jun/2018:05:44:29	/static/css/normalize.css
66.249.66.128	02/Jun/2018:05:44:29	/static/css/component.css
66.249.66.128	02/Jun/2018:05:44:30	/static/css/demo.css
66.249.69.245	11/Jun/2018:09:16:06	/
66.249.69.245	11/Jun/2018:13:04:46	/robots.txt
66.249.69.243	11/Jun/2018:13:04:47	/
66.249.69.243	11/Jun/2018:13:04:54	/static/css/slick.css
66.249.69.243	11/Jun/2018:13:04:54	/static/css/particles.css
66.249.69.241	11/Jun/2018:13:04:55	/static/css/magnific-popup.css
66.249.69.241	11/Jun/2018:13:04:55	/static/css/fontawesome-all.min.css
66.249.64.150	13/Jun/2018:12:31:29	/
66.249.64.148	13/Jun/2018:14:53:28	/robots.txt
66.249.64.148	13/Jun/2018:14:53:29	/
66.249.64.148	13/Jun/2018:14:53:31	/static/css/owl.carousel.min.css
66.249.64.150	13/Jun/2018:14:53:31	/static/css/themify-icons.css
66.249.64.150	13/Jun/2018:14:53:32	/static/css/magnific-popup.css
66.249.64.148	13/Jun/2018:14:53:32	/static/css/style.css
66.249.64.146	13/Jun/2018:14:53:32	/static/css/slick.css
66.249.64.146	13/Jun/2018:16:44:55	/
66.249.64.146	13/Jun/2018:16:44:58	/static/js/form.js
66.249.64.148	13/Jun/2018:16:44:59	/static/css/bootstrap.css
66.249.64.146	13/Jun/2018:16:44:59	/static/css/slick.css
66.249.64.146	13/Jun/2018:16:45:00	/static/css/owl.carousel.min.css
66.249.64.148	13/Jun/2018:16:59:57	/
66.249.64.146	13/Jun/2018:17:00:00	/static/js/form.js
66.249.64.150	13/Jun/2018:18:22:17	/
66.249.64.148	13/Jun/2018:18:22:24	/static/css/particles.css
66.249.64.148	13/Jun/2018:18:43:02	/static/js/form.js
66.249.64.146	13/Jun/2018:19:15:54	/
66.249.64.8	13/Jun/2018:19:37:49	/robots.txt
66.249.64.148	13/Jun/2018:19:37:50	/robots.txt
66.249.64.12	13/Jun/2018:19:37:50	/
66.249.64.148	13/Jun/2018:19:37:59	/static/css/style.css
66.249.64.146	13/Jun/2018:19:57:55	/
66.249.79.18	13/Jun/2018:21:50:41	/
66.249.79.18	13/Jun/2018:22:56:45	/
66.249.79.18	13/Jun/2018:23:07:10	/
66.249.79.18	14/Jun/2018:00:13:25	/
66.249.79.22	14/Jun/2018:00:18:25	/
66.249.79.50	14/Jun/2018:01:09:50	/robots.txt
66.249.79.44	14/Jun/2018:01:09:51	/
66.249.79.47	14/Jun/2018:01:10:11	/static/js/main.js
66.249.79.50	14/Jun/2018:01:10:11	/static/js/jquery.countTo.js
66.249.79.44	14/Jun/2018:01:10:12	/static/css/style.css
66.249.79.50	14/Jun/2018:01:10:12	/static/js/owl.carousel.min.js
66.249.79.44	14/Jun/2018:01:10:13	/static/css/owl.carousel.css
66.249.79.22	14/Jun/2018:01:25:04	/
66.249.79.22	14/Jun/2018:02:20:45	/
66.249.79.18	14/Jun/2018:02:35:55	/
66.249.79.22	14/Jun/2018:03:36:45	/robots.txt
66.249.79.22	14/Jun/2018:03:36:45	/
66.249.79.20	14/Jun/2018:03:36:52	/static/css/themify-icons.css
66.249.79.20	14/Jun/2018:03:36:52	/static/css/style.css
66.249.79.18	14/Jun/2018:03:36:53	/static/css/bootstrap.css
66.249.79.22	14/Jun/2018:04:32:45	/
66.249.79.18	14/Jun/2018:05:44:03	/
66.249.79.20	14/Jun/2018:05:44:38	/static/js/form.js
66.249.79.44	14/Jun/2018:05:59:18	/
66.249.79.44	14/Jun/2018:05:59:26	/static/css/owl.carousel.css
66.249.79.47	14/Jun/2018:05:59:26	/static/css/style.css
66.249.69.174	07/Jun/2018:13:16:27	/robots.txt
66.249.69.174	07/Jun/2018:13:16:27	/static/css/sticky-footer.css
66.249.69.170	07/Jun/2018:13:16:29	/static/css/bootstrap.min.css
66.249.69.172	07/Jun/2018:13:16:48	/static/css/bootstrap.min.css
66.249.69.241	07/Jun/2018:13:23:36	/robots.txt
66.249.69.241	07/Jun/2018:13:23:36	/static/css/owl.carousel.min.css
66.249.75.89	07/Jun/2018:13:45:01	/robots.txt
66.249.75.91	07/Jun/2018:13:45:01	/static/js/owl.carousel.min.js
66.249.75.91	07/Jun/2018:13:45:02	/static/css/style.css
66.249.75.90	07/Jun/2018:13:45:02	/static/css/owl.carousel.css
66.249.75.90	07/Jun/2018:13:45:07	/favicon.ico
66.249.69.155	07/Jun/2018:15:03:12	/robots.txt
66.249.69.156	07/Jun/2018:15:03:13	/static/css/style.css
66.249.69.156	07/Jun/2018:18:42:38	/static/css/font-awesome.min.css
66.249.69.155	07/Jun/2018:22:18:21	/static/css/style.css
66.249.69.156	07/Jun/2018:22:18:21	/static/css/font-awesome.min.css
66.249.69.157	07/Jun/2018:23:50:03	/static/css/font-awesome.min.css
66.249.69.155	08/Jun/2018:02:45:00	/static/js/jquery.min.js
66.249.69.243	08/Jun/2018:03:49:12	/robots.txt
66.249.69.241	08/Jun/2018:03:49:12	/
66.249.69.245	08/Jun/2018:03:49:16	/static/css/bootstrap.css
66.249.69.243	08/Jun/2018:03:49:16	/static/css/particles.css
66.249.69.155	09/Jun/2018:06:58:04	/static/js/site.js
66.249.69.155	09/Jun/2018:23:22:16	/robots.txt
66.249.69.156	09/Jun/2018:23:22:16	/static/js/owl.carousel.min.js
66.249.69.245	08/Jun/2018:09:49:25	/
66.249.69.241	08/Jun/2018:11:06:14	/
66.249.69.245	08/Jun/2018:11:06:18	/static/css/themify-icons.css
66.249.69.241	08/Jun/2018:14:09:54	/
66.249.69.157	08/Jun/2018:15:39:27	/robots.txt
66.249.69.156	08/Jun/2018:15:39:27	/static/js/site.js
66.249.69.241	08/Jun/2018:17:32:45	/robots.txt
66.249.69.241	08/Jun/2018:17:32:46	/
66.249.75.90	08/Jun/2018:19:04:01	/robots.txt
66.249.75.90	08/Jun/2018:19:04:01	/
66.249.75.90	08/Jun/2018:19:04:04	/static/js/owl.carousel.min.js
66.249.75.91	08/Jun/2018:19:04:05	/static/js/jquery.countTo.js
66.249.75.90	08/Jun/2018:19:04:08	/favicon.ico
66.249.75.91	08/Jun/2018:21:26:51	/
66.249.69.243	08/Jun/2018:21:32:02	/
66.249.69.243	08/Jun/2018:21:32:31	/static/css/themify-icons.css
66.249.69.245	08/Jun/2018:22:17:52	/
66.249.69.241	08/Jun/2018:23:19:03	/
66.249.69.243	09/Jun/2018:00:09:41	/
66.249.69.157	09/Jun/2018:05:27:29	/static/js/jquery.min.js
66.249.69.156	09/Jun/2018:05:27:30	/static/js/owl.carousel.min.js
66.249.69.157	09/Jun/2018:05:57:53	/static/js/site.js
66.249.69.156	09/Jun/2018:05:57:54	/static/js/jquery.min.js
66.249.64.84	12/Jun/2018:07:53:01	/robots.txt
66.249.64.86	12/Jun/2018:07:53:02	/static/css/style.css
66.249.64.86	12/Jun/2018:07:53:03	/static/css/owl.carousel.css
66.249.64.84	12/Jun/2018:07:53:04	/static/css/owl.carousel.css
66.249.64.84	12/Jun/2018:07:53:04	/static/js/owl.carousel.min.js
66.249.64.82	12/Jun/2018:07:53:04	/static/css/style.css
66.249.64.82	12/Jun/2018:07:53:06	/favicon.ico
66.249.64.146	13/Jun/2018:02:05:40	/robots.txt
66.249.64.146	13/Jun/2018:02:05:40	/
66.249.64.146	13/Jun/2018:02:05:44	/static/css/themify-icons.css
66.249.66.214	06/Jun/2018:06:29:23	/
66.249.66.156	06/Jun/2018:07:05:05	/
66.249.66.157	06/Jun/2018:07:06:17	/static/js/magnific-popup.js
66.249.66.157	06/Jun/2018:07:06:17	/static/css/owl.carousel.min.css
66.249.66.212	06/Jun/2018:08:59:41	/robots.txt
66.249.66.212	06/Jun/2018:08:59:41	/
66.249.66.210	06/Jun/2018:10:52:06	/
66.249.66.212	06/Jun/2018:10:52:22	/static/css/fontawesome-all.min.css
66.249.66.214	06/Jun/2018:11:07:12	/
66.249.66.212	06/Jun/2018:11:58:29	/
66.249.66.212	06/Jun/2018:12:18:17	/
66.249.66.214	06/Jun/2018:16:00:28	/
66.249.66.214	06/Jun/2018:16:00:31	/static/css/slick.css
66.249.66.212	06/Jun/2018:16:00:32	/static/css/style.css
66.249.66.212	06/Jun/2018:16:00:32	/static/css/particles.css
66.249.66.210	06/Jun/2018:16:00:33	/static/css/magnific-popup.css
66.249.66.210	06/Jun/2018:16:00:33	/static/css/owl.carousel.min.css
66.249.66.210	06/Jun/2018:16:00:34	/static/css/fontawesome-all.min.css
66.249.66.214	06/Jun/2018:17:00:48	/
66.249.66.210	06/Jun/2018:17:00:51	/static/css/magnific-popup.css
66.249.66.210	06/Jun/2018:17:00:51	/static/css/style.css
66.249.66.212	06/Jun/2018:17:00:52	/static/css/fontawesome-all.min.css
66.249.66.210	06/Jun/2018:17:00:53	/static/css/bootstrap.css
66.249.66.212	06/Jun/2018:17:00:53	/static/css/particles.css
66.249.66.214	06/Jun/2018:17:31:30	/
66.249.66.212	06/Jun/2018:17:31:34	/static/css/bootstrap.css
66.249.66.210	06/Jun/2018:20:08:58	/
66.249.66.214	06/Jun/2018:21:51:09	/robots.txt
66.249.66.212	06/Jun/2018:21:51:09	/
66.249.66.210	06/Jun/2018:21:51:59	/static/css/style.css
66.249.66.210	06/Jun/2018:21:51:59	/static/css/slick.css
66.249.66.214	07/Jun/2018:00:39:08	/
66.249.66.212	07/Jun/2018:00:45:34	/static/js/custom.js
66.249.66.210	07/Jun/2018:00:45:35	/static/css/slick.css
66.249.66.210	07/Jun/2018:01:04:27	/
66.249.66.212	07/Jun/2018:01:04:39	/static/css/magnific-popup.css
66.249.69.155	10/Jun/2018:08:10:21	/static/css/style.css
66.249.69.243	10/Jun/2018:11:01:15	/robots.txt
66.249.69.245	10/Jun/2018:11:01:16	/
66.249.69.241	10/Jun/2018:11:01:19	/static/css/owl.carousel.min.css
66.249.69.241	10/Jun/2018:11:01:20	/static/css/style.css
66.249.69.243	10/Jun/2018:11:01:21	/static/css/fontawesome-all.min.css
66.249.69.241	10/Jun/2018:11:01:22	/static/css/themify-icons.css
66.249.69.241	10/Jun/2018:11:01:24	/static/css/slick.css
66.249.69.241	10/Jun/2018:11:01:25	/static/css/magnific-popup.css
66.249.69.243	10/Jun/2018:13:29:13	/
66.249.69.241	10/Jun/2018:13:29:17	/static/css/slick.css
66.249.69.241	10/Jun/2018:13:29:18	/static/css/style.css
66.249.69.241	10/Jun/2018:13:29:18	/static/css/particles.css
66.249.69.243	10/Jun/2018:13:29:18	/static/css/owl.carousel.min.css
66.249.69.241	10/Jun/2018:13:29:19	/static/css/bootstrap.css
66.249.69.156	10/Jun/2018:19:05:12	/static/css/style.css
66.249.69.157	10/Jun/2018:19:05:14	/static/css/font-awesome.min.css
66.249.69.157	10/Jun/2018:21:11:57	/static/js/owl.carousel.min.js
66.249.69.243	10/Jun/2018:23:02:30	/static/css/style.css
66.249.69.241	10/Jun/2018:23:02:30	/robots.txt
66.249.69.243	10/Jun/2018:23:02:31	/static/css/owl.carousel.min.css
66.249.69.243	10/Jun/2018:23:02:32	/static/css/bootstrap.css
66.249.69.241	11/Jun/2018:04:31:48	/
66.249.69.241	11/Jun/2018:04:31:52	/static/css/particles.css
66.249.69.243	11/Jun/2018:04:31:53	/static/css/fontawesome-all.min.css
66.249.69.243	11/Jun/2018:04:31:53	/static/css/bootstrap.css
66.249.69.241	11/Jun/2018:06:13:37	/
66.249.69.241	11/Jun/2018:06:13:40	/static/css/magnific-popup.css
66.249.69.241	11/Jun/2018:06:13:41	/static/css/fontawesome-all.min.css
66.249.66.212	05/Jun/2018:10:41:55	/static/css/slick.css
66.249.66.210	05/Jun/2018:10:41:56	/static/js/slick.min.js
66.249.66.212	05/Jun/2018:10:41:57	/static/css/themify-icons.css
66.249.66.78	05/Jun/2018:12:08:35	/static/js/owl.carousel.min.js
66.249.66.76	05/Jun/2018:12:08:37	/static/css/style.css
66.249.66.3	05/Jun/2018:13:58:08	/robots.txt
66.249.66.3	05/Jun/2018:13:58:09	/static/css/bootstrap.min.css
66.249.66.7	05/Jun/2018:13:58:10	/static/css/sticky-footer.css
66.249.66.128	05/Jun/2018:15:36:01	/robots.txt
66.249.66.159	05/Jun/2018:15:36:02	/static/css/style.css
66.249.66.159	05/Jun/2018:15:38:16	/static/css/owl.carousel.css
66.249.66.128	05/Jun/2018:15:39:13	/favicon.ico
66.249.66.214	05/Jun/2018:20:04:05	/robots.txt
66.249.66.210	05/Jun/2018:20:04:05	/
66.249.66.212	05/Jun/2018:21:04:33	/
66.249.66.210	05/Jun/2018:23:58:40	/
66.249.66.214	06/Jun/2018:00:54:42	/
66.249.66.210	06/Jun/2018:00:54:45	/static/js/jquery-2.2.4.min.js
66.249.66.212	06/Jun/2018:03:16:53	/
66.249.66.212	06/Jun/2018:03:22:03	/
66.249.66.210	06/Jun/2018:03:22:08	/static/css/style.css
66.249.66.212	06/Jun/2018:03:22:08	/static/css/fontawesome-all.min.css
66.249.66.212	06/Jun/2018:03:22:08	/static/css/magnific-popup.css
66.249.66.212	06/Jun/2018:03:22:09	/static/css/themify-icons.css
66.249.66.212	06/Jun/2018:04:43:33	/
66.249.66.210	06/Jun/2018:04:44:47	/static/css/particles.css
66.249.66.159	31/May/2018:09:04:47	/robots.txt
66.249.66.130	31/May/2018:09:04:47	/
66.249.66.159	31/May/2018:09:08:37	/static/js/jquery.stickyheader.js
66.249.66.128	31/May/2018:09:08:38	/static/css/owl.carousel.css
66.249.66.128	31/May/2018:09:08:39	/static/css/style.css
66.249.66.128	31/May/2018:09:50:14	/
66.249.66.128	31/May/2018:10:21:09	/static/js/main.js
66.249.66.78	31/May/2018:10:40:39	/robots.txt
66.249.66.78	31/May/2018:10:40:39	/predstavlenie-vashikh-rezultatov-kak-sozdavat-relevantnye-i-privlekatelnye-otchety-seo-next-nbsplevel
66.249.66.77	31/May/2018:10:40:41	/static/css/style.css
66.249.66.76	31/May/2018:10:40:41	/static/css/font-awesome.min.css
66.249.66.154	31/May/2018:10:45:45	/robots.txt
66.249.66.154	31/May/2018:10:45:45	/
66.249.66.154	31/May/2018:10:45:49	/static/css/bootstrap.css
66.249.66.152	31/May/2018:10:45:50	/static/css/sticky-footer.css
66.249.66.145	31/May/2018:11:31:45	/robots.txt
66.249.66.147	31/May/2018:11:31:45	/
66.249.66.149	31/May/2018:11:31:47	/static/css/bootstrap.min.css
66.249.66.149	31/May/2018:11:31:48	/static/css/sticky-footer.css
66.249.66.78	31/May/2018:11:47:15	/obzor-istochnikov-informatsii-po-prodvizheniiu-saitov
66.249.66.214	31/May/2018:11:56:23	/robots.txt
66.249.66.214	31/May/2018:11:56:23	/static/css/slick.css
66.249.66.214	31/May/2018:11:56:24	/static/css/fontawesome-all.min.css
66.249.66.5	31/May/2018:16:27:15	/robots.txt
66.249.66.5	31/May/2018:16:27:15	/
66.249.66.3	31/May/2018:16:27:17	/static/css/bootstrap.min.css
66.249.66.5	31/May/2018:16:27:17	/static/css/sticky-footer.css
66.249.66.7	31/May/2018:18:38:59	/
66.249.66.5	31/May/2018:18:39:02	/static/css/sticky-footer.css
66.249.66.3	31/May/2018:18:39:03	/static/css/bootstrap.min.css
66.249.66.19	31/May/2018:20:46:34	/robots.txt
66.249.79.110	31/May/2018:20:46:35	/
66.249.66.19	31/May/2018:20:46:37	/static/css/sticky-footer.css
66.249.66.19	31/May/2018:20:46:38	/static/css/bootstrap.min.css
66.249.66.15	31/May/2018:23:08:46	/
66.249.66.15	31/May/2018:23:09:14	/static/css/bootstrap.min.css
66.249.66.15	31/May/2018:23:09:14	/static/css/sticky-footer.css
66.249.66.210	31/May/2018:23:44:55	/static/css/particles.css
66.249.66.135	01/Jun/2018:01:26:17	/robots.txt
66.249.66.131	01/Jun/2018:01:26:17	/
66.249.66.131	01/Jun/2018:01:26:21	/static/css/sticky-footer.css
66.249.66.131	01/Jun/2018:01:26:22	/static/css/bootstrap.min.css
66.249.66.128	01/Jun/2018:02:40:44	/robots.txt
66.249.66.128	01/Jun/2018:02:40:44	/favicon.ico
66.249.66.78	01/Jun/2018:04:57:55	/static/css/font-awesome.min.css
66.249.66.76	01/Jun/2018:04:57:56	/static/js/jquery.min.js
66.249.66.76	01/Jun/2018:04:57:56	/static/js/owl.carousel.min.js
66.249.66.77	01/Jun/2018:04:57:57	/static/css/style.css
66.249.66.78	01/Jun/2018:05:14:48	/
66.249.66.76	01/Jun/2018:05:28:38	/static/css/font-awesome.min.css
66.249.66.77	01/Jun/2018:05:28:39	/static/css/style.css
66.249.66.128	01/Jun/2018:05:37:00	/static/css/style.css
66.249.66.130	01/Jun/2018:05:37:01	/static/css/owl.carousel.css
66.249.66.128	01/Jun/2018:05:37:01	/static/css/style.css
66.249.66.128	01/Jun/2018:05:37:02	/static/css/owl.carousel.css
66.249.66.76	02/Jun/2018:07:36:07	/rezultaty-poiska-nulevogo-rezultata-dobro-pozhalovat-v-budushchee-kotoroe-my-dolzhny-byli-znat
66.249.66.76	02/Jun/2018:08:21:48	/text-vs-alt-prodolzhenie-eksperimenta
66.249.66.78	02/Jun/2018:09:07:39	/mozcon-2018-sozdanie-dela-dlia-konferentsii-all-nbspsnacks
66.249.66.212	02/Jun/2018:19:25:51	/robots.txt
66.249.66.214	02/Jun/2018:19:25:51	/static/css/slick.css
66.249.66.212	02/Jun/2018:19:25:52	/static/css/bootstrap.css
66.249.66.214	02/Jun/2018:23:32:09	/
66.249.66.210	02/Jun/2018:23:32:13	/static/js/jquery-2.2.4.min.js
66.249.66.212	02/Jun/2018:23:32:13	/static/css/bootstrap.css
66.249.66.210	02/Jun/2018:23:32:14	/static/css/style.css
66.249.66.210	02/Jun/2018:23:32:14	/static/css/themify-icons.css
66.249.66.210	02/Jun/2018:23:32:15	/static/css/owl.carousel.min.css
66.249.66.210	02/Jun/2018:23:32:15	/static/css/magnific-popup.css
66.249.66.210	02/Jun/2018:23:32:16	/static/css/fontawesome-all.min.css
66.249.66.159	03/Jun/2018:04:34:36	/robots.txt
66.249.66.128	03/Jun/2018:04:34:37	/
66.249.66.159	03/Jun/2018:04:35:07	/favicon.ico
66.249.66.159	03/Jun/2018:05:05:32	/
66.249.66.159	03/Jun/2018:05:21:20	/static/js/jquery.stickyheader.js
66.249.66.159	03/Jun/2018:06:07:23	/done/69e8c9ee-6dc2-48a1-8f29-1471970232c7
66.249.66.130	03/Jun/2018:06:07:25	/static/css/demo.css
66.249.66.128	03/Jun/2018:06:07:25	/static/css/component.css
66.249.66.130	03/Jun/2018:06:07:25	/static/css/normalize.css
66.249.66.212	04/Jun/2018:07:27:41	/
66.249.66.210	04/Jun/2018:08:02:53	/
66.249.66.77	04/Jun/2018:09:51:33	/static/css/style.css
66.249.66.214	04/Jun/2018:10:25:12	/
66.249.66.214	04/Jun/2018:10:45:32	/
66.249.66.77	04/Jun/2018:16:02:16	/robots.txt
66.249.66.76	04/Jun/2018:16:02:17	/static/css/font-awesome.min.css
66.249.66.76	04/Jun/2018:20:09:59	/static/css/font-awesome.min.css
66.249.66.78	04/Jun/2018:20:10:00	/static/css/style.css
66.249.66.77	04/Jun/2018:21:25:32	/static/js/site.js
66.249.66.78	04/Jun/2018:21:25:33	/static/js/owl.carousel.min.js
66.249.66.77	04/Jun/2018:21:56:06	/static/css/style.css
66.249.66.76	04/Jun/2018:21:56:07	/static/css/font-awesome.min.css
66.249.66.210	04/Jun/2018:22:55:57	/robots.txt
66.249.66.212	04/Jun/2018:22:55:57	/static/css/owl.carousel.min.css
66.249.66.212	04/Jun/2018:22:55:58	/static/css/style.css
